Priority,Partner type,Target example,Why this partner can refer,Primary offer angle,Outreach status,Contact name,Contact URL,Notes
1,Contractor bookkeeper,Local bookkeeping firms for trades,They hear about client growth problems and weak admin systems,"We help contractors stop underselling strong work online",Ready to research,,,Look for firms serving plumbers and remodelers in Southern California
2,Contractor CPA,Trade-focused tax and advisory firms,They work with established operators who can afford better positioning,"Website clarity that supports stronger lead quality and better close confidence",Ready to research,,,Prioritize firms that publish client resources
3,Construction attorney,Construction law and contract firms,They serve remodelers and higher-consideration contractors,"A stronger website can pre-qualify prospects before contract conversations",Ready to research,,,Useful for remodeler referrals
4,Contractor business coach,Business coaching for home-service owners,They influence growth decisions and vendor introductions,"Website audits that uncover trust leaks before more marketing spend",Ready to research,,,Strong fit if they serve plumbing or remodeling businesses
5,Brand photographer,Commercial photographers for contractors,They already improve presentation and often get asked about websites,"Pair better project photography with a site that sells the work properly",Ready to research,,,Ask for resource-page or collaborator mention
6,Videographer,Trade-focused content creators,They help contractors upgrade brand presence,"Better videos work harder when the site structure is stronger",Ready to research,,,Good cross-referral potential
7,Sign and wrap shop,Vehicle wrap and signage providers,They serve service businesses refreshing their appearance,"A sharper website should match the truck, uniforms, and field presentation",Ready to research,,,Good fit for plumbers and electricians
8,Print or promo vendor,Trade print shops and promo suppliers,They work with owner-operators refreshing branding assets,"Make the online first impression match the offline brand",Ready to research,,,Can be local and low-friction
9,Chamber or trade group,Local contractor associations,They maintain resource directories and member referrals,"Practical website audit resource for members who want better local credibility",Ready to research,,,Look for directory/resource submissions
10,Home-service consultant,Operations consultants for service businesses,They see businesses scaling before the site is ready,"Fix the website before traffic and referrals leak away",Ready to research,,,Useful for plumbing-focused intros
11,Showroom or supplier,Kitchen and bath showrooms,They interact with remodelers and homeowners in planning mode,"Presentation systems for remodelers who need a more premium online presence",Ready to research,,,Strong remodeler fit
12,Interior designer collaboration,Interior designers with remodeling partners,They work with renovation firms that depend on premium perception,"A better remodeler site should pre-sell craftsmanship and process",Ready to research,,,Use a more premium, restrained pitch
13,Property manager resource page,Local property management companies,They often need reliable service referrals for vendors and owners,"Useful trusted resource for contractor website and credibility upgrades",Ready to research,,,Best for plumbers and maintenance-oriented trades
14,Local business publication,Regional small-business blogs or newsletters,They need useful expert contributions,"Practical article on why contractor websites lose trust before the call",Ready to research,,,Pitch educational value instead of self-promotion
15,Podcast or host,Contractor or local-business podcasts,They can drive referral traffic and trusted mentions,"Short expert segment on website trust leaks for home-service companies",Ready to research,,,Turn accepted invites into backlink and content assets
